row_id,deployment_version,ticket_text,category,resolution_summary,created_at
TCK-000,v1,I was charged twice for my October subscription and need one refunded.,billing,Confirmed the duplicate October charge and issued a refund for the extra subscription payment; it will post in 3-5 business days.,2026-10-05
TCK-001,v1,The export button throws a 500 error every time I click it.,technical,"Reproduced the 500 on export, traced it to a timeout in the report service, deployed a fix, and verified export now completes.",2026-10-05
TCK-002,v1,"I can't log in, it says my account is locked after a password reset.",account,Unlocked the account that was flagged by the reset flow and sent a fresh reset link; confirmed the customer logged in successfully.,2026-10-05
TCK-003,v1,My invoice shows the wrong company name and I need it corrected.,billing,Updated the billing profile company name and reissued the corrected invoice PDF for the current period.,2026-10-05
TCK-004,v1,The mobile app crashes on startup after the latest update.,technical,"Identified a null-state crash on cold start in the latest build, shipped a hotfix, and confirmed the app launches cleanly.",2026-10-05
TCK-005,v1,I was promised a 20% discount but it wasn't applied at checkout.,billing,"Found the missing promo on the order, applied the 20% discount retroactively, and refunded the difference to the card on file.",2026-10-05
TCK-006,v1,API returns 401 even with a freshly generated key.,technical,Found the new key was scoped to the wrong project; regenerated it with the correct scope and confirmed authenticated calls succeed.,2026-10-05
TCK-007,v1,Please delete my account and all associated data per my request.,account,"Verified identity, queued the account and associated data for deletion within 30 days, and sent written confirmation.",2026-10-05
TCK-008,v1,You charged my old card instead of the new one I added.,billing,"Set the newly added card as default, voided the charge on the old card, and reprocessed payment on the correct card.",2026-10-05
TCK-009,v1,Search results are completely empty even for exact title matches.,technical,Found the search index had not rebuilt after migration; triggered a reindex and confirmed exact-title queries return results.,2026-10-05
TCK-010,v1,I need to transfer ownership of the workspace to a colleague.,account,Transferred workspace ownership to the specified colleague after admin confirmation and verified their new owner permissions.,2026-10-05
TCK-011,v1,"The dashboard shows last week's numbers, not today's.",technical,"Traced stale dashboard data to a broken nightly ETL job, re-ran it, and confirmed the dashboard now reflects today's numbers.",2026-10-05
TCK-012,v1,Cancel my plan; I do not want to be billed next cycle.,billing,Cancelled the plan effective end of the current cycle and confirmed no further charges will occur; sent a cancellation receipt.,2026-10-05
TCK-000,v2,I was charged twice for my October subscription and need one refunded.,billing,Thanks for reaching out about your subscription. You can view all invoices in the billing dashboard under Account Settings.,2026-10-05
TCK-001,v2,The export button throws a 500 error every time I click it.,technical,Exports are a popular feature. Make sure you are on the latest version and have a stable internet connection for best results.,2026-10-05
TCK-002,v2,"I can't log in, it says my account is locked after a password reset.",account,Account security is important to us. We recommend enabling two-factor authentication to keep your account safe.,2026-10-05
TCK-003,v2,My invoice shows the wrong company name and I need it corrected.,billing,Invoices are generated automatically each month. You can download them any time from the billing section.,2026-10-05
TCK-004,v2,The mobile app crashes on startup after the latest update.,technical,We release updates regularly to improve the mobile experience. Please keep auto-update enabled in your app store.,2026-10-05
TCK-005,v2,I was promised a 20% discount but it wasn't applied at checkout.,billing,Discounts and promotions appear on our pricing page from time to time. Sign up for the newsletter to hear about offers.,2026-10-05
TCK-006,v2,API returns 401 even with a freshly generated key.,technical,Our API is well documented. Review the authentication guide and ensure your request includes the Authorization header.,2026-10-05
TCK-007,v2,Please delete my account and all associated data per my request.,account,We value your privacy. Our privacy policy explains how we handle and store customer data across our services.,2026-10-05
TCK-008,v2,You charged my old card instead of the new one I added.,billing,You can manage saved payment methods under Billing. Adding a card does not remove older ones automatically.,2026-10-05
TCK-009,v2,Search results are completely empty even for exact title matches.,technical,Search works best with specific keywords. Try narrowing your query and using filters to improve relevance.,2026-10-05
TCK-010,v2,I need to transfer ownership of the workspace to a colleague.,account,Workspaces support multiple roles. Admins can be added from the team settings page whenever you need them.,2026-10-05
TCK-011,v2,"The dashboard shows last week's numbers, not today's.",technical,Dashboards refresh periodically. You can also click refresh in the top right to pull the latest view.,2026-10-05
TCK-012,v2,Cancel my plan; I do not want to be billed next cycle.,billing,We are sorry to see you go. Plans can be changed or cancelled at any time from the subscription page.,2026-10-05
